Year,Distrito,Units,Value
2018,Barcelona,Tasa por 1.000,16.01
2018,Ciutat Vella,Tasa por 1.000,25.88
2018,Eixample,Tasa por 1.000,15.3
2018,Sants-Montjuïc,Tasa por 1.000,17.78
2018,Les Corts,Tasa por 1.000,6.03
2018,Sarrià - Sant Gervasi,Tasa por 1.000,6.42
2018,Gràcia,Tasa por 1.000,4.58
2018,Horta - Guinardó,Tasa por 1.000,7.19
2018,Nou Barris,Tasa por 1.000,24.66
2018,Sant Andreu,Tasa por 1.000,14.33
2018,Sant Martí,Tasa por 1.000,15.0
2018,Barcelona,Diferencial de la tasa más baja,21.3
